<annotation>
	<folder>images</folder>
	<filename>pos-19.xml</filename>
	<path>/Daily-work/Form_field_detection/scripts/train_ticks/images/pos-19.xml</path>
	<source>
		<database>Unknown</database>
	</source>
	<size>
		<width>50</width>
		<height>50</height>
		<depth>3</depth>
	</size>
	<segmented>0</segmented>
	<object>
		<name>ticked</name>
		<pose>Unspecified</pose>
		<truncated>0</truncated>
		<difficult>0</difficult>
		<bndbox>
			<xmin>0</xmin>
			<ymin>0</ymin>
			<xmax>50</xmax>
			<ymax>50</ymax>
		</bndbox>
	</object>
</annotation>